,USERS,Purchases,Spent
0,889261,69,502.25
1,889262,60,3145.4500000000007
2,889271,19,1362.7699900000002
3,889272,32,161.80001000000001
4,889281,46,1556.7099999999998
5,889282,136,8342.87099
6,889291,50,344.03999999999996
7,889292,46,1206.1299999999999
8,889301,16,701.25001
9,889302,5,176.55
10,889311,9,23.32
11,889312,9,826.2
12,889321,28,1051.2700000000002
13,889322,51,548.09
14,889331,63,785.4699999999999
15,889341,68,737.7000099999999
16,889342,66,2389.2800200000006
17,889351,8,158.82999999999998
18,889352,16,179.25
19,889361,83,784.9099999999999
20,889362,67,988.46
21,889371,36,613.25
22,889381,65,595.5200000000001
23,889392,32,484.70000000000005
24,889401,20,322.37999
25,889402,25,525.62
26,889411,54,1333.4299999999996
27,889412,53,265.56
28,889421,29,217.75
29,889422,9,123.30000000000001
30,889431,20,149.32999999999998
31,889432,17,76.06
32,889441,21,154.4
33,889442,44,748.12001
34,889461,38,1377.76
35,889462,79,920.98001
36,889471,24,47.64
37,889472,35,75.67
38,889491,26,318.39000000000004
39,889492,2,87.91
40,889501,11,122.79
41,889511,41,159.28
42,889512,16,793.79
43,889522,83,1174.49
44,889531,67,660.2199999999999
45,889532,33,1202.01
46,889542,54,1918.7399799999998
47,889562,97,1628.4200000000003
48,889571,12,54.84001
49,889572,23,236.96
50,889581,30,364.84999999999997
51,889582,14,169.61
52,889591,18,154.73000000000002
53,889592,31,1282.7900000000002
54,889601,21,67.34
55,889602,27,146.61999999999998
56,889611,53,285.0
57,889612,47,738.7500299999999
58,889621,24,1868.68
59,889622,15,285.41
60,889631,6,862.5000000000001
61,889632,2,37.720000000000006
62,889652,65,2953.7099999999996
63,889662,38,486.70743000000004
64,889672,24,465.00999
65,889681,26,165.46
66,889682,25,159.12
67,889691,124,971.22
68,889692,90,1266.00001
69,889701,15,93.01000000000003
70,889702,7,278.62000000000006
71,889711,15,41.60002
72,889712,14,36.39999
73,889721,25,160.55999999999997
74,889731,71,5228.479980000001
75,889732,40,1529.5583000000001
76,889741,43,1319.34
77,889772,6,145.7
78,889792,6,444.0
79,889801,83,7871.2
80,889802,39,1055.9699999999998
81,889811,58,1025.08
82,889812,45,321.61
83,889821,64,13154.622
84,889822,47,1025.92001
85,889831,43,406.36
86,889832,35,1148.0399999999997
87,889841,7,22.990000000000002
88,889842,7,26.32
89,889852,69,651.6499900000001
90,889861,9,54.0
91,889871,34,123.49
92,889872,38,123.18
93,889881,131,4106.23
94,889892,7,105.0
95,889901,28,1288.73999
96,889911,15,109.75
97,889912,13,1180.6200000000003
98,889921,27,529.3500000000001
99,889922,44,270.7799999999999
100,889931,10,416.38
101,889951,30,2553.55
102,889952,17,1265.5
103,889961,122,5625.22101
104,889962,10,5729.570000000001
105,889971,35,282.26
106,889981,18,158.26
107,889982,21,1348.5100000000004
108,889991,33,57.120000000000005
109,889992,20,757.24
110,890001,22,125.22
111,890011,26,722.6542099999999
112,890031,24,1074.12
113,890032,10,98.24
114,890041,58,897.04
115,890042,54,568.0600000000001
116,890061,28,407.93
117,890062,33,1037.56
118,890072,91,924.9000000000001
119,890081,52,270.2699999999999
120,890082,3,57.53
121,890112,65,1195.71
122,890121,19,168.66
123,890122,66,450.71000000000004
124,890131,26,404.6
125,890132,19,357.30999999999995
126,890141,21,800.86
127,890142,19,258.05000000000007
128,890152,48,581.21
129,890162,18,100.3
130,890171,79,610.76001
131,890172,35,422.62
132,890181,66,712.3100000000001
133,890182,43,1041.74
134,890202,59,329.61999999999995
135,890212,164,2143.26
136,890221,68,1225.1700000000005
137,890222,45,171.14000000000001
138,890231,29,1024.89
139,890232,12,194.9
140,890241,11,101.16000000000001
141,890251,54,388.76000000000005
142,890252,11,137.04
143,890261,20,269.95000000000005
144,890262,31,260.52000000000004
145,890271,60,1953.5700000000002
146,890272,48,933.5899999999999
147,890281,48,338.79
148,890282,62,505.22
149,890291,36,514.49
150,890302,16,203.53999000000002
151,890312,23,163.14999999999995
152,890331,40,683.74
153,890332,36,2934.34
154,890341,8,852.42
155,890342,20,198.85999999999999
156,890352,29,630.9499999999999
157,890361,80,983.2500000000001
158,890362,59,926.4699999999999
159,890371,109,2005.19
160,890372,75,1005.6200000000001
161,890381,57,354.00001000000003
162,890391,34,2403.04
163,890401,96,1592.07001
164,890402,24,258.7
165,890411,13,103.59999999999998
166,890412,16,137.31
167,890421,24,102.4
168,890422,13,70.11
169,890431,23,177.73999999999998
170,890432,45,211.3
171,890451,25,307.26000000000005
172,890452,32,1226.3200000000002
173,890461,39,282.29999999999995
174,890471,42,919.89
175,890472,67,1681.3999999999999
176,890481,9,789.39
177,890482,37,3101.15001
178,890491,20,127.16000000000001
179,890492,2,178.85
180,890501,25,151.35000000000002
181,890502,17,841.63
182,890512,5,212.19000000000003
183,890521,99,535.9099900000001
184,890522,53,184.27
185,890531,19,259.14
186,890532,19,424.14
187,890542,22,1424.5200000000002
188,890551,52,1005.71
189,890552,65,543.39
190,890561,111,2375.8200000000006
191,890562,101,6062.249999999999
192,890571,13,209.32999
193,890581,39,632.6999999999999
194,890582,34,439.48
195,890591,27,81.99996999999999
196,890601,69,530.3900000000001
197,890612,13,709.348
198,890621,54,1230.45
199,890622,46,790.49
200,890631,38,189.89999999999998
201,890632,18,49.589999999999996
202,890641,24,125.28
203,890661,4,9.48
204,890672,20,154.04999999999998
205,890681,9,32.64
206,890682,46,230.59000000000003
207,890691,28,678.7399999999999
208,890692,7,388.46
209,890701,47,437.19
210,890702,72,561.02
211,890711,93,882.1999999999999
212,890712,43,213.32999999999998
213,890721,12,905.9399999999999
214,890722,20,759.73
215,890741,115,2455.1300199999996
216,890742,46,1197.3500000000004
217,890751,68,259.90999999999997
218,890752,1,32.5
219,890761,28,55.07999
220,890771,19,91.02
221,890772,9,4029.9300000000003
222,890781,19,57.199999999999996
223,890782,16,40.91
224,890791,6,112.47
225,890792,4,688.1800000000001
226,890801,1,2.49
227,890802,13,180.85
228,890821,16,331.72
229,890822,13,75.58
230,890831,28,482.11
231,890832,24,320.13
232,890851,89,909.76
233,890852,50,799.9900000000001
234,890861,11,125.88000000000001
235,890862,8,203.48000000000002
236,890871,3,24.900000000000002
237,890872,1,15.78
238,890881,53,856.99999
239,890882,14,686.99001
240,890892,35,425.2
241,890902,15,439.35
242,890911,56,317.34999999999997
243,890912,73,527.77
244,890931,30,280.71
245,890932,37,406.22
246,890941,37,613.73
247,890942,53,924.3700000000001
248,890961,20,76.88
249,890962,4,2223.0499999999997
250,890971,20,178.17999999999995
251,890972,37,127.53
252,890981,34,938.47
253,890982,32,1813.7600000000002
254,890991,31,4865.880010000001
255,890992,39,3132.75
256,891011,28,215.67
257,891012,33,765.4
258,891021,58,1233.27
259,891022,61,550.9399999999999
260,891031,7,39.5
261,891032,58,1494.9900000000005
262,891041,58,2713.71
263,891042,61,4761.740000000001
264,891051,37,662.35
265,891052,70,1716.16999
266,891061,33,1708.84
267,891062,43,293.44
268,891071,19,65.13
269,891072,23,106.38
270,891081,23,64.20002
271,891082,3,47.08
272,891091,45,1700.1299999999999
273,891092,29,1529.73
274,891101,3,58.0
275,891102,26,68.74999
276,891111,44,1199.09001
277,891112,31,174.90999999999997
278,891121,30,267.00000000000006
279,891122,28,183.21
280,891131,20,552.44
281,891132,6,11.04
282,891141,44,503.00001
283,891142,43,218.0
284,891152,60,1257.1000000000001
285,891161,64,1964.16
286,891171,67,319.53
287,891172,59,247.28
288,891181,76,506.16
289,891182,66,359.79001
290,891191,23,224.78000000000003
291,891192,6,42.76
292,891201,21,556.6900000000002
293,891202,15,99.04
294,891211,27,183.21
295,891212,129,2414.69999
296,891222,39,437.37
297,891231,26,6896.780000000001
298,891241,49,2413.88
299,891242,81,3623.34001
300,891251,24,1463.85
301,891252,31,177.14283
302,891261,27,442.56998999999996
303,891262,13,509.37
304,891271,61,3091.4700000000003
305,891272,55,1217.88999
306,891282,2,7.17
307,891291,41,241.00001999999998
308,891292,10,1225.0
309,891301,52,7480.791
310,891302,74,5091.91001
311,891311,50,1806.3099999999997
312,891312,31,666.11
313,891322,29,303.36
314,891331,60,356.87001
315,891332,58,821.6700199999999
316,891341,31,1565.22
317,891342,30,859.4599999999999
318,891352,85,1188.4499999999998
319,891361,31,222.37999999999997
320,891362,34,457.97
321,891371,39,431.82999
322,891372,9,95.19000000000001
323,891381,68,4898.549999999999
324,891382,51,2927.4210000000003
325,891391,31,404.80999999999995
326,891392,48,327.95
327,891401,50,906.0600000000002
328,891402,43,376.64
329,891421,6,137.94
330,891422,19,206.45000000000002
331,891431,56,732.52999
332,891432,3,69.6
333,891451,26,2049.91
334,891452,41,643.4599999999999
335,891461,18,301.24
336,891471,3,478.78
337,891472,60,318.92996
338,891491,2,16.689999999999998
339,891501,15,99.94
340,891502,6,90.6
341,891512,5,97.03
342,891521,92,583.76
343,891522,37,636.4
344,891531,7,102.44
345,891532,10,95.58000000000001
346,891541,27,95.0
347,891551,8,49.20000000000001
348,891552,1,10.0
349,891561,31,1274.30001
350,891562,48,995.2099999999999
351,891571,152,2496.63
352,891572,139,1657.8
353,891582,30,105.92999999999999
354,891591,71,521.49
355,891592,57,824.21999
356,891601,30,113.10000000000001
357,891602,19,446.96000000000004
358,891611,2,30.75
359,891612,20,129.82999999999998
360,891622,38,513.26
361,891631,25,3264.24001
362,891632,46,3195.917
363,891641,33,293.13000000000005
364,891642,23,80.94999999999999
365,891651,24,417.04001000000005
366,891652,31,202.66999
367,891661,20,168.17000000000002
368,891662,16,135.13
369,891671,51,682.34
370,891672,12,196.05000000000004
371,891691,43,244.82
372,891692,64,324.71998
373,891701,51,504.81
374,891702,21,494.50000000000006
375,891711,52,913.4299799999999
376,891712,48,401.12
377,891721,1,83.93
378,891722,26,114.05999
379,891741,40,546.06578
380,891742,40,2285.44
381,891751,64,459.10001
382,891761,40,597.11
383,891762,11,336.66999999999996
384,891771,26,1810.5500000000002
385,891772,30,976.8999999999999
386,891781,15,410.78999999999996
387,891782,4,157.73000000000002
388,891791,28,222.62000000000003
389,891792,29,142.83002000000002
390,891801,26,233.2
391,891802,23,213.22
392,891811,34,408.22999999999996
393,891812,60,2174.89001
394,891821,15,41.83999999999999
395,891831,42,254.33999999999995
396,891832,8,67.96000000000001
397,891841,42,272.27
398,891842,30,76.87
399,891851,10,205.6
400,891852,10,205.6
401,891861,30,341.3
402,891862,44,858.3
403,891871,37,400.75001000000003
404,891872,63,609.8699700000001
405,891881,9,109.43
406,891882,13,70.77
407,891891,45,320.15
408,891901,54,343.09999999999997
409,891902,37,189.99999
410,891921,39,1717.9899999999998
411,891931,5,505.09
412,891932,13,663.4200000000001
413,891942,36,253.85
414,891951,42,239.85000000000002
415,891952,50,433.04999999999995
416,891972,32,319.97
417,891981,24,953.1500099999998
418,891982,7,150.89
419,891992,55,201.64000000000001
420,892001,51,251.11
421,892002,42,182.04999999999998
422,892012,40,854.4209999999999
423,892021,15,274.7199999999999
424,892022,16,120.49000000000001
425,892041,38,299.99
426,892042,27,220.18999999999997
427,892051,75,564.6899999999999
428,892052,16,51.83
429,892062,23,164.57
430,892071,26,140.59
431,892072,25,151.91
432,892091,35,130.41
433,892092,22,93.79
434,892102,13,74.43
435,892111,37,96.65
436,892112,12,1685.35
437,892121,41,74.01
438,892122,39,135.17
439,892131,11,77.43
440,892132,13,69.53999999999999
441,892141,62,1254.7100299999997
442,892142,14,63.56000999999999
443,892151,49,411.12001000000004
444,892152,45,925.64
445,892161,39,1821.45999
446,892171,64,827.0
447,892181,63,264.74001
448,892182,39,323.19999999999993
449,892191,80,2648.4
450,892192,58,2385.3500000000004
451,892201,24,663.4
452,892202,21,230.55
453,892211,30,522.59999
454,892212,47,2039.67
455,892221,22,885.0300000000002
456,892222,23,966.21
457,892231,94,7855.000999999999
458,892232,24,570.4200000000001
459,892241,18,55.9
460,892242,12,26.040000000000003
461,892251,14,55.48
462,892271,25,455.53999999999996
463,892281,30,1717.58
464,892282,24,170.44
465,892291,72,1183.35
466,892292,39,321.73999999999995
467,892301,5,121.78
468,892302,1,45.0
469,892332,31,1823.07
470,892341,26,158.55998
471,892342,2,119.88
472,892351,15,115.94
473,892352,26,185.56
474,892361,20,315.25000000000006
475,892362,50,732.7
476,892371,20,3692.1599999999994
477,892372,34,438.77
478,892381,18,149.45000000000002
479,892382,69,841.6800000000001
480,892391,84,989.50998
481,892392,85,599.20998
482,892401,15,76.73999999999998
483,892402,2,10.57
484,892411,58,1397.0299900000002
485,892412,42,489.12999
486,892421,26,102.04999999999998
487,892432,26,2521.17
488,892441,4,144.23000000000002
489,892451,37,215.79999
490,892452,54,358.99999
491,892461,27,897.22
492,892462,34,263.32000000000005
493,892471,163,2714.17
494,892472,2,10.4
495,892481,41,789.22999
496,892482,29,500.38
497,892491,31,607.11999
498,892492,31,123.76001
499,892501,1,23.82
500,892502,22,63.56000000000001
501,892521,77,1047.76999
502,892522,44,832.39
503,892531,30,433.74
504,892532,38,822.87
505,892541,1,1233.145
506,892542,31,134.64999
507,892552,17,383.46000000000004
508,892561,42,780.8900000000001
509,892562,44,1092.4899999999998
510,892571,23,392.59680000000003
511,892572,16,426.47
512,892581,62,2816.27
513,892591,38,197.77000000000004
514,892592,39,573.6999999999998
515,892601,41,2903.2300000000005
516,892602,53,827.1300000000001
517,892611,15,103.8
518,892612,6,64.88
519,892622,40,120.07
520,892631,14,66.7
521,892632,8,27.119999999999997
522,892641,19,155.56
523,892642,22,63.84
524,892651,57,1974.53
525,892652,38,329.17
526,892661,40,294.84000000000003
527,892662,22,2972.9
528,892671,61,1124.34833
529,892672,59,1777.4999999999998
530,892682,8,112.60000000000001
531,892691,12,311.33
532,892692,32,119.56
533,892701,5,156.0
534,892711,51,1326.0900000000001
535,892712,47,246.40002
536,892721,23,924.37
537,892731,59,308.09000000000003
538,892732,92,1317.2300000000002
539,892741,27,201.27
540,892742,7,70.39999999999999
541,892752,35,2778.1899999999996
542,892761,45,158.87000999999998
543,892762,12,416.65999999999997
544,892771,28,320.7
545,892772,33,371.62999999999994
546,892781,25,468.52000000000004
547,892782,5,24.669999999999998
548,892801,45,1043.6899999999998
549,892802,35,296.69
550,892811,8,33.69
551,892831,30,1306.0699899999997
552,892832,28,174.5
553,892841,57,664.27
554,892842,33,822.08
555,892851,41,642.8
556,892852,40,564.0
557,892861,29,225.56
558,892862,47,420.43
559,892881,10,543.03
560,892891,68,326.20997
561,892892,74,379.22998
562,892901,30,193.42999999999995
563,892902,19,1233.52
564,892911,40,1202.95999
565,892912,56,1303.03
566,892921,66,3152.66
567,892922,38,3478.2400099999995
568,892932,14,715.5100000000001
569,892941,56,633.95
570,892951,40,580.4200000000001
571,892971,51,725.8100000000001
572,892972,101,1741.20001
573,892991,53,209.86000000000004
574,892992,52,262.97
575,893001,32,476.9
576,893002,35,464.05000000000007
577,893011,12,46.449999999999996
578,893012,9,441.57
579,893021,32,339.89
580,893022,45,834.69999
581,893031,17,379.21000000000004
582,893032,38,398.18
583,893051,34,1142.31
584,893052,29,463.46000000000004
585,893071,54,205.10999999999999
586,893072,27,153.49
587,893081,13,106.71000000000001
588,893082,25,676.9899899999999
589,893091,25,653.46
590,893092,45,583.52
591,893111,28,204.97998
592,893112,30,246.21001
593,893121,65,920.6999999999998
594,893131,87,563.0799999999999
595,893132,45,487.1400000000001
596,893141,17,332.05999999999995
597,893142,40,567.77
598,893151,43,150.00002
599,893152,48,150.0
600,893161,35,275.15999999999997
601,893162,38,560.7
602,893171,32,495.32000000000005
603,893172,27,694.96
604,893181,20,381.31
605,893182,28,14293.7
606,893191,27,1866.17
607,893192,7,79.50999999999999
608,893201,71,305.25
609,893202,39,204.5
610,893211,21,231.87000000000003
611,893212,62,479.24999999999994
612,893221,85,847.2900000000001
613,893222,76,888.9499900000001
614,893242,11,48.94
615,893252,89,1178.55
616,893261,19,149.07999999999998
617,893271,35,339.27
618,893272,46,6877.700999999999
619,893282,66,310.46000000000004
620,893291,29,230.01
621,893292,47,290.86
622,893302,14,38.52
623,893312,41,2532.13
624,893321,33,408.81
625,893322,42,1677.9999900000003
626,893331,5,13.0
627,893332,6,13.0
628,893341,40,576.18001
629,893342,60,578.55
630,893351,36,1032.00002
631,893352,58,250.00001
632,893361,50,2161.9000300000002
633,893362,36,449.44000000000005
634,893372,53,1621.99002
635,893381,49,634.63
636,893382,44,1975.5200000000002
637,893391,88,633.8299900000001
638,893392,17,1693.56
639,893401,17,585.12
640,893402,6,439.08
641,893411,5,22.73
642,893421,53,211.3
643,893422,21,100.51999999999998
644,893431,7,81.2
645,893432,34,1622.3200000000004
646,893441,60,215.04000000000002
647,893442,61,201.33
648,893451,17,160.01999999999995
649,893452,28,170.32
650,893462,24,47.39
651,893471,26,514.7800000000001
652,893472,4,77.5
653,893481,11,198.15
654,893482,24,461.19000000000005
655,893491,44,514.69
656,893492,15,99.11
657,893501,49,637.65999
658,893502,36,818.23
659,893511,16,57.769999999999996
660,893512,1,30.0
661,893521,23,745.9400200000001
662,893522,16,150.10998999999998
663,893531,18,72.94
664,893551,106,2074.99
665,893552,72,882.8
666,893561,54,370.79
667,893562,34,1369.3899999999999
668,893571,56,717.77
669,893572,39,360.70000000000005
670,893581,39,743.58998
671,893582,27,318.79999999999995
672,893591,125,903.15
673,893592,34,944.56
674,893601,117,1227.1499999999999
675,893602,3,121.86999999999999
676,893611,47,1283.9100000000003
677,893612,77,2388.04
678,893621,33,1062.2499999999998
679,893622,11,53.53
680,893631,66,281.1
681,893632,38,475.7800000000001
682,893641,70,1964.8699699999995
683,893642,67,465.16002
684,893651,13,60.95
685,893652,34,116.87
686,893671,44,892.03
687,893672,19,159.01999999999998
688,893681,46,3552.05768
689,893682,10,70.24
690,893691,30,378.59000000000003
691,893692,16,156.12
692,893702,108,1783.93
693,893712,35,331.52000000000004
694,893721,55,606.3499800000001
695,893722,54,457.02999
696,893741,28,635.5099899999999
697,893742,14,445.84000000000003
698,893751,23,96.64
699,893752,22,588.93001
700,893761,56,2169.9800000000005
701,893762,79,833.28
702,893781,87,2120.88
703,893782,60,711.49
704,893791,24,645.72
705,893792,18,1565.8300000000002
706,893801,77,337.81
707,893802,83,9287.159990000002
708,893811,89,879.8800000000001
709,893812,100,683.1300000000001
710,893831,28,139.18999999999997
711,893832,36,425.32000000000005
712,893841,96,1868.82
713,893851,25,276.44
714,893852,33,1235.32
715,893861,108,368.63
716,893862,119,889.1799999999998
717,893872,28,3239.5299999999997
718,893881,14,258.2
719,893882,15,258.20002
720,893891,64,1046.1599999999999
721,893901,54,690.71
722,893902,50,253.58
723,893921,8,70.25
724,893922,3,54.5
725,893931,18,254.08
726,893932,21,1704.2200000000003
727,893941,65,427.56
728,893942,54,774.9899999999999
729,893961,1,1.0
730,893962,35,626.4600300000001
731,893981,27,175.26998999999998
732,893982,65,836.54998
733,893991,61,632.2800000000001
734,893992,24,569.15
735,894011,21,82.97
736,894012,15,93.63001
737,894021,16,53.31
738,894022,1,30.0
739,894031,25,753.6200099999999
740,894032,26,123.00003000000001
741,894041,27,835.55
742,894042,52,732.2499899999999
743,894051,14,83.31
744,894052,27,143.66
745,894061,9,155.97
746,894062,7,113.85000000000001
747,894072,61,2361.7000000000003
748,894081,57,345.21002000000004
749,894082,33,363.84999
750,894091,47,1054.27
751,894092,40,315.90999999999997
752,894111,32,170.20001000000002
753,894112,47,1250.4400300000002
754,894121,105,788.4
755,894122,88,437.19
756,894131,66,2875.7110000000002
757,894132,60,753.5400000000002
758,894141,87,746.49996
759,894142,65,749.0164500000001
760,894151,65,1957.44
761,894152,52,1053.84
762,894161,12,42.6
763,894162,22,1558.0800000000002
764,894171,56,361.62001
765,894172,8,46.93
766,894181,69,2274.77004
767,894191,21,72.37
768,894192,16,48.31
769,894201,100,2569.99999
770,894202,82,2670.64
771,894212,77,1592.35
772,894231,107,5481.77001
773,894232,44,577.1
774,894241,11,78.08
775,894242,14,132.83999999999997
776,894252,116,1041.4999999999998
777,894261,26,201.72
778,894262,25,1946.6600000000003
779,894271,8,104.25999999999999
780,894272,25,38.25
781,894281,82,2258.83
782,894291,138,2103.72343
783,894292,74,1291.28999
784,894301,33,813.6
785,894302,41,917.1899999999999
786,894321,82,1467.66999
787,894322,209,2395.75996
788,894331,74,304.84000000000003
789,894351,6,107.14
790,894352,29,202.32
791,894381,60,3086.86999
792,894382,37,655.5649300000001
793,894391,10,113.67999999999999
794,894392,11,465.91
795,894401,19,116.00002
796,894402,16,116.00001999999999
797,894412,11,1167.7600000000002
798,894421,54,399.28
799,894422,38,248.26
800,894431,45,315.93000000000006
801,894451,9,61.2
802,894461,13,151.82
803,894462,13,141.95895000000002
804,894471,52,1152.9
805,894472,32,303.76
806,894482,10,161.82
807,894491,9,63.57
808,894492,13,69.36
809,894501,39,1811.69
810,894502,7,378.51
811,894511,2,3.3100000000000005
812,894512,24,61.620000000000005
813,894521,35,2032.8500000000001
814,894522,16,183.97
815,894531,27,853.4
816,894532,40,375.77999
817,894541,13,183.92999999999998
818,894542,16,56.78
819,894551,20,125.9
820,894561,30,60.11
821,894562,45,109.38
822,894571,43,1267.01002
823,894572,76,1842.5800100000001
824,894581,67,1965.2099899999998
825,894582,71,724.38
826,894591,47,3618.7900000000004
827,894592,62,1088.7099899999998
828,894601,16,144.76
829,894602,9,180.35000000000002
830,894631,79,1399.5600000000002
831,894632,64,1025.8899800000002
832,894642,43,1752.6899999999998
833,894651,16,410.4
834,894652,32,1393.88
835,894671,27,353.89000999999996
836,894672,10,2151.87999
837,894681,68,994.2500000000001
838,894682,45,365.48999999999995
839,894701,39,379.24001000000004
840,894702,52,489.79
841,894711,17,130.00001
842,894721,41,339.46999999999997
843,894722,28,1347.8100000000002
844,894731,9,55.809999999999995
845,894732,42,591.2099799999999
846,894752,30,192.63000000000005
847,894761,104,1688.29
848,894771,30,2101.77159
849,894772,44,1284.36172
850,894781,27,83.57999999999998
851,894782,31,103.14999999999998
852,894791,46,247.24996000000002
853,894792,123,4129.0599999999995
854,894802,57,496.55
855,894811,13,904.88
856,894821,18,1243.19
857,894822,50,728.1700000000001
858,894831,40,2439.86
859,894832,44,2734.69
860,894841,36,937.3900000000001
861,894842,43,241.5
862,894851,15,207.74
863,894852,16,874.4399900000001
864,894861,47,379.78
865,894871,15,214.89999999999998
866,894872,15,80.69
867,894882,70,2814.6500000000005
868,894891,13,367.63999999999993
869,894892,14,71.40001
870,894901,29,776.79
871,894902,102,1861.9799999999998
872,894911,53,425.00001
873,894912,53,330.00001000000003
874,894922,10,1165.41
875,894942,49,4184.38001
876,894951,30,1074.5800000000002
877,894952,37,2672.208
878,894961,35,1147.0399900000002
879,894962,26,481.27
880,894972,37,129.99998
881,894982,24,109.85000000000001
882,894991,85,487.23
883,895001,11,44.71000000000001
884,895002,12,141.41
885,895012,71,1145.4800000000005
886,895021,43,527.69001
887,895022,61,2025.0600100000001
888,895031,20,227.13999
889,895032,2,50.0
890,895041,56,297.03996
891,895042,61,571.91001
892,895051,57,566.0699999999999
893,895052,20,53.19
894,895061,48,2177.29
895,895071,41,922.4200000000002
896,895072,40,2068.87
897,895081,28,989.4100000000001
898,895082,50,1373.76
899,895091,14,117.62
900,895092,14,294.90999999999997
901,895101,67,971.27
902,895102,65,1100.54
903,895111,79,746.73
904,895131,108,1677.4557
905,895132,95,1837.93999
906,895141,87,601.0399999999998
907,895151,37,1468.0399999999997
908,895152,33,986.5600000000001
909,895161,36,539.76
910,895162,50,697.42
911,895171,24,194.31
912,895172,20,126.43
913,895181,29,191.83999999999997
914,895182,29,184.45
915,895191,15,356.15
916,895192,51,277.0600100000001
917,895201,8,48.53
918,895211,11,556.56765
919,895212,20,698.7033200000001
920,895222,42,242.56
921,895231,32,521.45
922,895232,19,318.63
923,895241,26,904.5800000000002
924,895242,17,110.33999999999999
925,895251,19,366.97999999999996
926,895252,17,95.62
927,895261,84,830.82
928,895271,55,939.9399999999999
929,895272,46,491.67001000000005
930,895281,8,102.39
931,895282,11,389.39000000000004
932,895292,33,366.7
933,895301,5,932.8
934,895302,4,2808.3
935,895311,18,105.00001
936,895312,20,104.99999
937,895321,49,226.92
938,895322,62,447.65000999999995
939,895332,5,13.120000000000001
940,895341,34,1176.83
941,895342,27,509.14
942,895351,25,93.13000000000001
943,895352,51,244.02999999999997
944,895361,76,1609.508
945,895362,40,1404.29
946,895372,10,30.36
947,895381,42,464.80001
948,895382,37,447.96998999999994
949,895391,32,1863.46
950,895392,19,457.61
951,895402,9,51.14
952,895411,69,1477.8899999999999
953,895421,10,20.0
954,895422,58,167.2
955,895431,14,55.26
956,895432,16,63.410000000000004
957,895441,46,706.63
958,895442,42,350.26
959,895451,15,789.61
960,895452,17,146.48000000000002
961,895461,28,463.41
962,895462,28,445.21
963,895471,67,769.8100000000001
964,895472,48,5494.87998
965,895481,64,1465.7800100000002
966,895482,59,2942.4400300000007
967,895491,19,170.34999999999997
968,895492,25,143.71999
969,895501,39,384.22999999999996
970,895502,43,1100.6499999999999
971,895521,57,467.75
972,895522,71,214.05
973,895541,10,73.78
974,895542,36,200.61
975,895551,32,397.59998
976,895552,27,135.45001
977,895561,46,2091.3399999999997
978,895562,55,434.14
979,895571,18,1390.79
980,895572,16,72.5
981,895591,89,2183.84998
982,895592,62,2389.9699799999994
983,895601,23,429.93
984,895602,42,1400.25
985,895611,38,508.28000000000003
986,895612,49,1513.6
987,895621,25,84.65
988,895622,26,76.14998
989,895631,52,234.31001000000003
990,895632,2,57.0
991,895641,72,1603.8700000000001
992,895642,50,2002.7099999999998
993,895651,72,720.31002
994,895652,59,456.49996
995,895661,25,53.61
996,895662,17,64.44
997,895671,30,1329.64
998,895672,31,222.35000000000002
999,895681,27,1843.0
1000,895682,13,152.0
1001,895691,33,109.46
1002,895692,2,69.97999999999999
1003,895701,29,778.4900000000001
1004,895702,31,326.15
1005,895721,34,1935.74
1006,895722,76,392.97105000000005
1007,895731,32,603.2199999999999
1008,895732,15,176.52999999999997
1009,895742,9,189.01000000000002
1010,895752,22,246.68
1011,895761,32,249.91000000000003
1012,895762,7,124.93
1013,895772,63,1015.96
1014,895781,28,288.2700000000001
1015,895782,25,104.77
1016,895791,28,64.85
1017,895801,22,440.5400000000001
1018,895802,3,216.54000000000002
1019,895812,73,7633.730999999999
1020,895821,58,843.4500099999999
1021,895822,34,647.8399999999999
1022,895831,25,126.49
1023,895832,8,79.76
1024,895841,19,439.82998000000003
1025,895851,30,245.89999999999998
1026,895852,67,465.5500000000001
1027,895862,7,56.879999999999995
1028,895871,50,961.8699999999999
1029,895872,18,141.88000000000002
1030,895882,8,53.15
1031,895891,53,898.2100099999999
1032,895892,41,476.92001
1033,895901,83,14227.281
1034,895902,68,1256.5900000000001
1035,895911,14,423.67
1036,895912,18,174.22
1037,895921,51,258.04
1038,895931,20,795.38
1039,895941,26,449.01
1040,895942,55,780.9
1041,895951,88,1542.65003
1042,895952,9,447.79
1043,895961,22,362.72
1044,895962,49,758.7200100000001
1045,895971,21,198.48999999999998
1046,895972,19,285.40000000000003
1047,895981,22,63.17
1048,895982,18,67.30000000000001
1049,895991,43,512.0
1050,895992,41,290.21
1051,896001,32,229.37
1052,896002,35,256.37
1053,896011,67,1945.4499999999998
1054,896012,47,2670.9700000000007
1055,896022,81,1019.3000000000003
1056,896031,20,96.55999999999999
1057,896032,26,135.86999999999998
1058,896041,119,7267.3499999999985
1059,896042,84,3375.2699999999995
1060,896061,17,206.98001
1061,896062,16,278.78999
1062,896071,10,283.27001
1063,896072,1,40.0
1064,896081,33,736.3400000000001
1065,896082,8,105.16
1066,896091,51,1005.9085799999999
1067,896092,36,1837.504
1068,896101,15,613.45
1069,896102,14,138.61999999999998
1070,896111,20,916.37999
1071,896112,5,260.25
1072,896121,25,124.99
1073,896122,37,221.71
1074,896131,24,1066.91
1075,896132,22,135.07
1076,896141,44,939.65999
1077,896151,17,1752.8100000000002
1078,896152,27,219.97999999999996
1079,896161,66,317.85999000000004
1080,896162,15,967.7200000000001
1081,896171,68,833.3900000000001
1082,896172,74,1886.15001
1083,896181,21,215.70000000000002
1084,896182,94,734.1200199999998
1085,896191,65,341.50004
1086,896192,36,488.24
1087,896202,16,117.65
1088,896212,2,45.0
1089,896221,36,229.60999999999999
1090,896222,3,49.0
1091,896231,42,636.95
1092,896232,64,781.2999900000001
1093,896242,22,1653.5
1094,896251,37,1215.9900000000002
1095,896252,80,787.97
1096,896261,44,1848.58
1097,896262,68,2318.1583300000007
1098,896271,27,913.2800000000001
1099,896272,2,30.0
1100,896281,164,1901.17996
1101,896282,155,3397.20696
1102,896302,59,264.62
1103,896311,24,81.30000000000001
1104,896312,2,357.25
1105,896331,60,557.8000000000001
1106,896332,49,839.66
1107,896341,52,1827.9099999999996
1108,896342,58,4411.59001
1109,896351,38,401.58
1110,896352,36,261.61
1111,896361,36,148.95999999999998
1112,896362,17,104.49000000000001
1113,896371,30,176.11999999999998
1114,896381,57,1144.06
1115,896382,33,385.07
1116,896392,65,1868.6499900000001
1117,896401,23,197.67000000000002
1118,896402,13,178.14000000000001
1119,896421,21,187.62
1120,896422,28,500.93999999999994
1121,896431,22,1584.21
1122,896432,29,347.29999999999995
1123,896442,54,1073.8400199999999
1124,896451,64,2100.2200000000003
1125,896452,37,242.57000000000002
1126,896461,126,1097.51
1127,896462,32,196.47
1128,896472,9,57.77
1129,896481,9,66.77000000000001
1130,896482,18,62.730000000000004
1131,896491,12,135.96
1132,896492,7,322.2
1133,896501,46,387.25
1134,896502,42,2942.03
1135,896511,76,800.67
1136,896512,51,398.96000000000004
1137,896521,47,560.2199999999998
1138,896522,74,500.0299800000001
1139,896531,60,675.96
1140,896532,73,571.2900000000001
1141,896541,8,225.75
1142,896542,55,229.66999999999996
1143,896552,20,546.31
1144,896571,18,47.900000000000006
1145,896572,18,75.08000000000001
1146,896591,65,506.4700000000001
1147,896592,42,273.59
1148,896601,67,1159.66001
1149,896602,12,55.990000000000016
1150,896611,18,177.53000000000003
1151,896621,22,287.56
1152,896622,38,458.15
1153,896631,81,405.95001
1154,896641,26,146.04000000000002
1155,896642,39,489.91
1156,896651,70,1927.7957999999999
1157,896652,21,272.33000000000004
1158,896661,67,527.8399999999999
1159,896662,27,89.27999999999999
1160,896671,14,82.55
1161,896672,33,467.64
1162,896681,23,200.33
1163,896682,22,209.43
1164,896691,96,3279.8700000000003
1165,896692,80,1654.37
1166,896701,32,499.25
1167,896702,60,745.7100000000002
1168,896721,46,2391.8999999999996
1169,896722,53,1156.38
1170,896732,30,275.15999
1171,896751,23,368.1000000000001
1172,896752,48,536.9300000000001
1173,896761,27,367.44999
1174,896762,35,782.0999899999999
1175,896771,73,865.2000099999999
1176,896772,66,294.58
1177,896781,51,548.5299999999999
1178,896782,21,101.93
1179,896791,54,1277.3000100000002
1180,896792,23,439.21999999999997
1181,896801,28,550.59
1182,896802,28,349.61
1183,896811,44,40601.67
1184,896812,62,610.7400000000001
1185,896821,63,8537.434460000002
1186,896822,34,2188.54
1187,896831,16,85.87
1188,896832,9,63.96
1189,896841,14,242.08999999999997
1190,896842,53,1281.71
1191,896852,75,996.26
1192,896861,46,438.46999999999997
1193,896862,53,1151.9299999999998
1194,896872,25,2981.08
1195,896881,75,1007.5800000000002
1196,896882,70,5612.036
1197,896892,15,411.01000000000005
1198,896901,52,937.8500000000001
1199,896902,43,628.17999
1200,896912,30,1130.3300000000002
1201,896921,74,115.19
1202,896922,12,41.59
1203,896931,22,328.75
1204,896932,33,2209.18
1205,896941,9,69.37
1206,896942,2,58.050000000000004
1207,896951,18,386.92999
1208,896952,6,21.380000000000003
1209,896962,20,610.9399999999999
1210,896972,39,525.41
1211,896981,85,414.21999
1212,896982,111,1546.3700100000003
1213,896991,63,1982.89
1214,896992,57,1546.55
1215,897001,64,789.05
1216,897002,41,288.80999999999995
1217,897021,33,226.83
1218,897022,65,646.48
1219,897031,28,719.64
1220,897032,27,582.25999
1221,897041,71,1598.56
1222,897042,54,4083.7599999999998
1223,897051,18,625.31
1224,897052,29,108.90000000000002
1225,897062,38,69.77
1226,897071,34,475.18
1227,897072,28,1098.4800000000002
1228,897081,56,610.06
1229,897082,32,281.7
1230,897091,16,74.52000000000001
1231,897092,54,282.58
1232,897101,20,101.83
1233,897102,36,223.95
1234,897111,50,1161.1499900000001
1235,897112,59,759.83002
1236,897121,23,324.77000000000004
1237,897122,36,228.99000000000004
1238,897141,3,96.0
1239,897151,14,229.32
1240,897152,19,648.7500000000001
1241,897171,40,672.48
1242,897172,24,2315.96998
1243,897181,81,364.39
1244,897182,58,3561.55
1245,897191,53,1806.0199900000002
1246,897192,58,1863.3899900000001
1247,897221,17,185.87
1248,897231,67,882.46578
1249,897232,44,445.84000999999995
1250,897251,49,5140.749999999999
1251,897252,21,9806.08
1252,897261,7,89.96000000000001
1253,897262,28,144.65
1254,897271,16,104.46999
1255,897272,89,553.08
1256,897281,100,2408.9099899999997
1257,897291,35,78.25999999999999
1258,897292,25,80.92
1259,897301,12,162.15
1260,897302,17,1675.9799999999998
1261,897311,102,535.0299999999999
1262,897312,22,61.55
1263,897331,35,388.09999999999997
1264,897332,42,701.1299999999999
1265,897341,65,673.11
1266,897342,40,369.25
1267,897352,24,53.96
1268,897361,26,2132.01
1269,897362,18,763.39999
1270,897371,16,224.98999999999998
1271,897372,9,83.62000000000002
1272,897381,39,1085.35
1273,897382,20,453.35
1274,897411,13,336.85
1275,897412,31,882.0899999999999
1276,897421,31,288.40999999999997
1277,897431,27,1233.0700000000002
1278,897432,104,2126.46
1279,897441,104,472.18997
1280,897442,46,347.70002
1281,897451,48,150.00002
1282,897452,52,149.99999
1283,897461,29,655.38
1284,897462,18,458.30000000000007
1285,897472,42,222.19
1286,897481,28,300.62
1287,897482,21,419.16999999999996
1288,897491,51,373.10999999999996
1289,897501,92,1935.74001
1290,897502,7,118.55
1291,897511,5,105.6
1292,897521,31,791.37
1293,897522,9,120.34
1294,897531,41,367.85999999999996
1295,897532,31,683.01
1296,897541,53,219.43000000000006
1297,897542,47,195.20999999999998
1298,897551,42,931.3499999999999
1299,897552,58,1439.14
1300,897561,41,1333.81
1301,897562,22,1193.9399999999998
1302,897571,15,1713.51
1303,897572,26,162.97999999999996
1304,897581,30,275.78999999999996
1305,897582,35,807.01
1306,897591,32,172.3
1307,897592,41,300.31999999999994
1308,897601,14,81.23628999999998
1309,897602,19,110.12
1310,897611,2,20.0
1311,897612,2,12.0
1312,897621,11,125.79
1313,897622,10,96.78
1314,897632,64,3244.45999
1315,897642,61,2501.3499999999995
1316,897652,8,114.18999999999998
1317,897662,46,374.91999
1318,897671,79,675.4099999999999
1319,897672,65,502.77
1320,897681,48,372.37998
1321,897682,51,684.99999
1322,897691,10,126.87
1323,897692,6,70.73
1324,897701,31,2952.8800000000006
1325,897702,41,2864.04999
1326,897711,61,2334.0400100000006
1327,897712,65,1326.50003
1328,897721,46,299.7299999999999
1329,897731,64,1231.23
1330,897732,81,792.3900100000001
1331,897741,39,213.46999
1332,897742,18,329.88000999999997
1333,897751,33,144.45000000000002
1334,897752,28,132.14000000000001
1335,897761,10,157.2
1336,897762,7,73.6
1337,897771,38,215.72000000000003
1338,897772,31,150.54999999999998
1339,897791,32,661.1100000000001
1340,897792,43,237.83
1341,897801,9,43.79
1342,897811,53,308.99000000000007
1343,897812,46,535.92
1344,897822,51,2360.68
1345,897831,6,363.2199999999999
1346,897832,2,42.769999999999996
1347,897841,76,411.75
1348,897842,86,1920.7399899999998
1349,897851,34,1747.23
1350,897852,20,129.47
1351,897861,30,199.42
1352,897862,31,579.87
1353,897871,57,621.6
1354,897881,32,447.42999999999995
1355,897882,34,925.1400000000001
1356,897891,30,1749.22
1357,897892,3,50.0
1358,897911,39,241.22
1359,897912,35,378.75000000000006
1360,897931,15,429.15999999999997
1361,897932,16,241.47000000000003
1362,897941,10,3258.2400000000002
1363,897942,4,15.409999999999998
1364,897951,3,130.0
1365,897952,13,329.61
1366,897961,35,344.49
1367,897962,30,402.35
1368,897971,12,402.33
1369,897972,13,74.59
1370,897981,105,3518.8
1371,897982,97,1879.3700000000001
1372,897991,7,126.42001
1373,898001,36,622.5
1374,898002,31,260.10002000000003
1375,898011,86,4264.709999999999
1376,898021,67,410.25002000000006
1377,898022,35,552.83
1378,898031,11,112.92000000000002
1379,898041,3,36.239999999999995
1380,898051,31,534.49
1381,898052,45,467.35999999999996
1382,898061,29,139.65
1383,898062,35,793.20999
1384,898071,83,2997.19
1385,898072,72,7249.431009999999
1386,898081,25,290.89
1387,898082,18,1357.2700000000002
1388,898101,88,843.5900000000001
1389,898102,21,160.23
1390,898111,9,75.00999999999999
1391,898121,40,558.9000000000001
1392,898122,48,2190.8500000000004
1393,898131,18,216.51000000000002
1394,898132,14,135.28
1395,898141,13,47.32
1396,898142,17,30.89
1397,898151,56,1249.9300199999998
1398,898152,53,1872.8208299999997
1399,898161,37,171.11
1400,898162,35,184.54
1401,898171,44,1381.8200000000004
1402,898172,1,34.0
1403,898181,36,200.00001000000003
1404,898182,40,207.20002
1405,898191,8,68.63
1406,898201,28,267.46000000000004
1407,898202,30,197.33
1408,898211,18,183.04
1409,898212,21,782.8
1410,898221,44,671.81
1411,898222,70,953.71
1412,898231,17,137.46
1413,898232,30,178.85000000000002
1414,898251,15,47.68999999999999
1415,898262,50,390.97
1416,898271,20,146.04
1417,898272,21,151.91
1418,898292,63,343.09999999999997
1419,898302,29,85.0
1420,898311,39,1129.2299999999998
1421,898312,6,70.87
1422,898321,81,3843.0399599999996
1423,898322,103,2576.1199599999995
1424,898331,1,8.77
1425,898332,2,43.0
1426,898341,26,928.7500099999999
1427,898342,26,209.60998999999998
1428,898351,24,212.41
1429,898352,16,228.23000000000002
1430,898361,78,3595.42
1431,898371,38,343.44
1432,898372,21,411.23999999999995
1433,898381,77,1125.0799900000002
1434,898382,67,2242.98
1435,898401,44,633.1199700000001
1436,898402,34,286.01002
1437,898411,61,6602.83309
1438,898412,43,869.2500000000001
1439,898421,10,362.8
1440,898422,2,40.1
1441,898431,4,162.8
1442,898432,3,134.99
1443,898441,22,159.72
1444,898442,3,154.59
1445,898451,42,707.62999
1446,898452,63,1681.1100099999996
1447,898461,82,1275.1799999999998
1448,898462,103,2677.1599999999994
1449,898472,31,575.95
1450,898481,55,250.66999000000004
1451,898482,23,1960.1899999999998
1452,898491,61,2975.01
1453,898512,10,715.47
1454,898521,43,133.47000000000003
1455,898522,12,42.589999999999996
1456,898531,18,140.6
1457,898532,21,629.6600000000001
1458,898542,6,135.39
1459,898551,10,42.93000000000001
1460,898552,25,76.23
1461,898561,49,438.09
1462,898562,43,305.58
1463,898571,49,1218.34
1464,898572,141,608.3100000000001
1465,898581,77,365.5100000000001
1466,898582,73,1275.2299999999998
1467,898592,68,13465.71263
1468,898601,57,570.5
1469,898602,51,513.74998
1470,898611,35,134.0602
1471,898612,28,1329.2100000000003
1472,898621,13,2256.4300000000003
1473,898622,12,112.58
1474,898641,37,571.68
1475,898642,58,473.57000000000005
1476,898651,40,1029.6599999999999
1477,898652,50,1373.51
1478,898661,24,308.02
1479,898681,35,276.78999999999996
1480,898682,42,949.4
1481,898691,7,250.88
1482,898692,32,2448.08999
1483,898701,7,102.5
1484,898702,22,318.99999
1485,898711,50,3683.2
1486,898712,11,390.52000000000004
1487,898721,68,1373.5699999999997
1488,898722,85,714.7099999999999
1489,898742,41,233.78999999999996
1490,898751,36,219.87
1491,898752,49,343.4
1492,898761,64,2438.1000000000004
1493,898762,48,1770.68
1494,898771,66,3258.6800000000003
1495,898772,73,918.8300000000002
1496,898781,20,76.75999999999999
1497,898782,23,202.22
1498,898791,69,576.50001
1499,898792,15,241.25
1500,898801,15,48.89000000000001
1501,898802,4,17.95
1502,898811,16,63.86
1503,898812,5,32.26
1504,898821,52,1477.9499999999998
1505,898822,41,601.6200000000001
1506,898832,19,251.9
1507,898841,39,169.47
1508,898842,107,3169.29
1509,898861,12,2520.81
1510,898862,14,194.12000000000006
1511,898871,19,1030.4
1512,898872,10,28.029999999999998
1513,898881,43,1205.5100000000002
1514,898882,60,2625.96
1515,898891,22,671.39
1516,898892,20,327.98
1517,898901,10,184.7
1518,898902,3,40.14
1519,898911,11,423.41999999999996
1520,898912,28,284.16
1521,898921,31,287.24
1522,898922,40,501.3
1523,898931,19,282.91999000000004
1524,898932,23,478.38000000000005
1525,898941,17,165.35
1526,898942,4,385.0
1527,898951,11,729.52
1528,898952,14,67.30999999999999
1529,898961,43,169.29000000000002
1530,898962,41,109.46999999999998
1531,898972,21,118.36
1532,898982,26,329.23999999999995
1533,898991,27,240.94000000000003
1534,898992,35,1798.8400000000001
1535,899001,18,526.18
1536,899002,64,353.85003
1537,899021,37,470.25
1538,899022,36,139.26
1539,899031,9,215.77
1540,899032,48,2303.6500100000003
1541,899041,30,725.91
1542,899042,13,194.65
1543,899052,71,419.0299999999999
1544,899061,40,653.21
1545,899062,32,195.83
1546,899071,22,1060.41999
1547,899072,24,433.5
1548,899081,45,227.83
1549,899082,18,460.32998999999995
1550,899092,120,682.9000000000001
1551,899101,2,133.0
1552,899102,28,373.83000000000004
1553,899111,17,191.98
1554,899112,18,434.4
1555,899121,58,228.94002999999998
1556,899122,16,268.82001
1557,899131,67,442.64999
1558,899132,7,104.25
1559,899141,27,389.15999
1560,899151,83,672.81
1561,899152,87,1647.21
1562,899162,50,416.57998999999995
1563,899171,30,991.4799999999999
1564,899172,39,631.99
1565,899181,55,1114.75001
1566,899191,25,109.68
1567,899192,32,2196.27
1568,899202,47,675.74
1569,899221,64,470.07999
1570,899222,12,861.25
1571,899231,15,566.13
1572,899232,33,749.7800000000001
1573,899241,19,140.75
1574,899242,33,528.3100000000001
1575,899251,34,370.0
1576,899252,35,501.92999000000003
1577,899261,77,803.2299999999999
1578,899262,50,2610.37819
1579,899271,47,3021.48
1580,899272,70,408.28
1581,899281,1,18.62
1582,899282,12,31.36
1583,899291,124,1115.29994
1584,899292,59,321.35
1585,899301,26,76.36999999999999
1586,899311,11,225.74
1587,899312,7,28.22
1588,899321,49,467.51
1589,899322,51,430.43
1590,899332,26,337.58
1591,899341,4,62.22
1592,899342,26,158.12999999999997
1593,899351,51,262.23
1594,899361,16,104.80000000000001
1595,899362,15,84.75
1596,899371,24,2080.0499999999997
1597,899372,35,810.02
1598,899381,8,25.38
1599,899382,5,3184.3999999999996
1600,899391,6,73.0
1601,899392,8,151.87
1602,899402,19,486.67
1603,899421,37,956.2900000000001
1604,899422,26,307.1
1605,899431,4,110.0
1606,899432,19,357.93999999999994
1607,899441,63,349.68999999999994
1608,899442,110,1876.2100200000004
1609,899451,8,246.0
1610,899461,49,1555.16001
1611,899471,21,240.86
1612,899472,21,125.8
1613,899481,2,124.57000000000001
1614,899482,15,793.8900000000001
1615,899491,25,308.22999999999996
1616,899492,26,500.5599899999999
1617,899501,34,394.46000000000004
1618,899502,42,578.97001
1619,899512,19,420.68999999999994
1620,899521,18,141.62
1621,899522,27,216.76000000000002
1622,899531,37,812.3999999999999
1623,899532,37,578.56
1624,899541,52,363.6600000000001
1625,899542,68,1234.1200099999999
1626,899551,46,1469.92
1627,899552,49,852.3199999999999
1628,899561,68,806.7
1629,899562,47,421.75000000000006
1630,899571,43,146.8
1631,899572,61,2330.6700100000003
1632,899581,44,274.82000000000005
1633,899582,45,405.71000000000004
1634,899601,28,655.1700000000001
1635,899602,47,376.58001
1636,899611,47,226.89000000000001
1637,899612,61,355.3700099999999
1638,899621,83,638.95
1639,899622,88,2835.6900099999993
1640,899631,23,345.3
1641,899632,40,277.52
1642,899641,8,84.96
1643,899642,5,74.14
1644,899651,101,2851.75999
1645,899662,30,307.68000000000006
1646,899681,137,1414.5500299999999
1647,899682,144,2274.29004
1648,899691,25,189.52
1649,899701,45,965.0099999999999
1650,899711,20,966.0799999999999
1651,899712,25,622.62
1652,899722,33,738.0600000000001
1653,899731,7,53.29
1654,899732,10,107.6
1655,899741,40,1392.83999
1656,899742,38,1501.0
1657,899751,43,730.34
1658,899752,35,417.0899999999999
1659,899761,78,2458.0299999999997
1660,899762,63,7783.150009999999
1661,899772,35,1034.24
1662,899781,16,140.14000000000001
1663,899782,6,81.07
1664,899792,30,563.2
1665,899801,28,566.3399999999999
1666,899802,31,252.64
1667,899811,52,780.9499900000001
1668,899812,72,1005.47005
1669,899821,132,3597.54
1670,899831,31,1408.4300199999998
1671,899832,10,269.56
1672,899841,30,375.49
1673,899842,23,761.3100000000001
1674,899852,40,157.99
1675,899861,13,618.8
1676,899862,10,82.86
1677,899871,4,58.8
1678,899872,8,85.97999999999999
1679,899881,4,102.94
1680,899891,12,97.13
1681,899892,42,1075.2800200000001
1682,899901,12,612.34
1683,899902,14,1204.37
1684,899911,25,141.72
1685,899912,19,92.58999999999997
1686,899921,31,1334.06
1687,899922,28,333.11001000000005
1688,899931,38,329.48
1689,899932,23,284.02
1690,899951,119,2397.69001
1691,899952,72,782.8100000000001
1692,899961,7,181.77
1693,899962,24,2166.24
1694,899972,23,123.45
1695,899982,68,3339.88
1696,899991,58,629.9999900000001
1697,899992,63,336.9999999999999
1698,900001,10,93.52
1699,900002,9,94.84
1700,900011,46,593.14
1701,900021,70,7789.21099
1702,900031,27,649.0799999999999
1703,900032,51,608.5000000000001
1704,900041,18,79.63
1705,900042,26,136.01999999999998
1706,900051,11,58.56
1707,900052,19,663.5000000000001
1708,900061,152,3769.3199999999997
1709,900071,25,710.59
1710,900072,13,100.69
1711,900081,20,305.94999999999993
1712,900082,49,4391.03002
1713,900092,68,324.93001
1714,900101,46,1130.1000199999999
1715,900102,22,155.87001
1716,900111,43,358.87000000000006
1717,900112,41,2865.63
1718,900131,43,909.7000000000002
1719,900141,13,166.31
1720,900142,25,705.06
1721,900151,27,564.1899999999999
1722,900152,41,689.8800100000001
1723,900162,49,230.57999999999998
1724,900181,72,387.03999000000005
1725,900182,64,528.63001
1726,900192,99,2008.57
1727,900201,40,1765.7200100000002
1728,900211,16,98.72
1729,900212,9,75.78999999999999
1730,900221,10,107.67
1731,900222,23,405.1400000000001
1732,900231,43,381.87
1733,900232,48,409.47001
1734,900251,5,111.0
1735,900252,13,254.05
1736,900261,31,229.19998999999999
1737,900262,31,229.20001000000002
1738,900271,30,522.5999999999999
1739,900291,55,950.4199999999998
1740,900292,33,554.6300000000001
1741,900301,53,407.84999
1742,900302,13,311.77
1743,900311,33,3318.4199899999994
1744,900312,54,304.91999999999996
1745,900321,22,154.35
1746,900322,18,117.96000000000001
1747,900331,63,428.57000000000005
1748,900342,2,58.0
1749,900351,6,288.55
1750,900352,15,127.24
1751,900362,9,147.87
1752,900371,30,1549.16
1753,900372,41,418.93
1754,900381,12,72.66
1755,900382,6,100.63
1756,900391,16,59.55
1757,900392,21,158.22001
1758,900401,206,992.5900199999999
1759,900421,68,274.49001
1760,900431,10,76.6
1761,900441,27,745.48
1762,900442,11,168.87
1763,900451,31,1858.14
1764,900452,26,398.53999999999996
1765,900471,12,65.42999999999999
1766,900472,18,303.58
1767,900481,56,276.53
1768,900482,17,2257.2400000000002
1769,900491,71,570.2800000000001
1770,900492,54,950.4599999999999
1771,900512,84,3137.93801
1772,900522,26,776.7300000000001
1773,900531,35,456.57000000000005
1774,900532,102,1205.59
1775,900541,11,134.47
1776,900542,9,161.01
1777,900551,32,196.06
1778,900552,38,568.7799999999999
1779,900562,19,755.25
1780,900571,82,1281.2300000000002
1781,900572,43,433.67
1782,900582,86,1032.48001
1783,900591,38,455.17
1784,900592,5,31.259999999999998
1785,900601,16,1015.4699999999998
1786,900602,19,429.21999999999997
1787,900612,16,47.96
1788,900621,11,36.38000000000001
1789,900622,26,411.84000000000003
1790,900641,30,260.91
1791,900642,7,194.99
1792,900652,1,21.78
1793,900662,35,229.35001000000003
1794,900671,42,280.0199999999999
1795,900672,60,2263.87
1796,900681,19,504.98
1797,900682,27,275.7
1798,900691,36,181.71
1799,900692,1,36.0
1800,900701,11,149.76
1801,900702,12,236.25
1802,900721,72,6328.96
1803,900722,38,682.20001
1804,900731,4,115.77000000000001
1805,900741,5,4291.046
1806,900751,15,205.25
1807,900752,21,649.6500000000001
1808,900761,25,358.92999000000003
1809,900762,26,159.44
1810,900772,17,154.53000000000003
1811,900781,34,1473.13001
1812,900782,54,1762.55848
1813,900791,44,3580.8999899999994
1814,900792,25,944.0000100000001
1815,900801,11,180.0
1816,900802,12,287.0
1817,900811,28,26118.100000000002
1818,900812,31,347.59000000000003
1819,900822,57,732.48
1820,900841,5,319.90999999999997
1821,900842,43,570.9699999999999
1822,900851,15,1685.1299999999999
1823,900881,63,719.6200200000001
1824,900882,58,264.21995
1825,900892,44,259.9
1826,900901,21,107.60999999999999
1827,900902,25,96.08999999999999
1828,900911,4,73.28
1829,900912,4,95.07
1830,900921,28,190.03
1831,900922,35,77.28
1832,900931,46,4008.7600099999995
1833,900932,7,83.0
1834,900941,31,672.16999
1835,900942,117,1350.50999
1836,900951,10,950.3500000000001
1837,900961,27,438.11
1838,900962,24,663.6600000000001
1839,900971,5,983.8
1840,900972,8,52.980000000000004
1841,900981,15,2290.519999999999
1842,900982,18,198.45
1843,900991,20,126.86
1844,900992,45,487.6100200000001
1845,901001,35,496.17
1846,901002,45,545.87
1847,901021,49,928.7
1848,901022,91,673.47
1849,901032,27,769.66
1850,901041,26,743.8900000000001
1851,901042,13,136.14999999999998
1852,901051,50,889.34
1853,901061,53,318.99
1854,901062,52,1887.05
1855,901071,23,239.95000000000005
1856,901072,25,234.46
1857,901091,12,411.68001000000004
1858,901101,44,985.2099999999998
1859,901102,43,1495.97
1860,901121,26,1463.4399999999996
1861,901122,28,191.46999999999997
1862,901131,62,1010.00003
1863,901132,90,1612.99999
1864,901151,167,3223.2
1865,901161,69,1150.4899999999998
1866,901162,34,1269.54
1867,901171,64,1697.2700100000002
1868,901181,20,897.53
1869,901201,23,125.05000000000001
1870,901202,30,158.46000999999998
1871,901211,33,1501.22
1872,901212,55,4275.960010000001
1873,901221,62,2950.7899899999993
1874,901222,24,198.67999999999998
1875,901231,6,56.97
1876,901232,53,404.49000000000007
1877,901241,7,298.12
1878,901242,11,99.57000000000001
1879,901251,97,916.17
1880,901252,99,5158.71
1881,901261,27,188.73000000000002
1882,901262,43,242.03
1883,901281,13,282.68
1884,901282,45,453.95000000000005
1885,901291,29,203.72
1886,901292,59,654.34
1887,901301,10,55.97
1888,901302,16,197.58999999999997
1889,901311,57,236.61999999999998
1890,901312,33,380.10999999999996
1891,901321,29,231.33
1892,901322,21,1298.8700000000001
1893,901331,36,1218.1700099999998
1894,901341,65,407.26001
1895,901342,44,177.70999999999998
1896,901351,12,50.300000000000004
1897,901352,8,39.47
1898,901361,80,1426.1928500000001
1899,901371,19,2010.46
1900,901372,18,734.85
1901,901381,70,1878.9200000000003
1902,901382,49,994.2099999999999
1903,901391,5,208.06
1904,901392,16,486.21
1905,901401,61,1376.98
1906,901402,90,1457.3899700000002
1907,901411,42,475.72
1908,901412,62,831.38
1909,901431,15,200.94
1910,901432,19,119.36999999999999
1911,901441,8,52.879999999999995
1912,901451,27,766.5999899999999
1913,901452,20,435.88000000000005
1914,901461,24,1209.92
1915,901462,26,1054.18
1916,901472,20,199.22
1917,901481,30,1365.1200000000003
1918,901482,40,483.77
1919,901491,14,44.05
1920,901492,9,39.75
1921,901501,6,80.0
1922,901502,14,390.76
1923,901511,10,1358.2
1924,901512,11,278.65
1925,901521,1,10.34
1926,901522,4,86.04
1927,901531,92,1223.72
1928,901541,37,352.43998999999997
1929,901542,37,561.63
1930,901551,47,646.1700000000001
1931,901552,29,2728.24
1932,901562,3,75.0
1933,901571,14,666.6400000000001
1934,901602,56,1212.47999
1935,901611,45,1571.2099999999996
1936,901612,35,894.58
1937,901621,20,261.65
1938,901622,21,551.17
1939,901631,22,60.43000000000001
1940,901632,10,76.82
1941,901641,34,107.97000000000001
1942,901642,38,128.72
1943,901651,8,155.69
1944,901652,13,253.07000000000002
1945,901661,27,99.6
1946,901662,29,164.74
1947,901671,25,363.03
1948,901672,3,47.84
1949,901681,41,214.99999999999997
1950,901682,34,187.48999
1951,901691,67,596.1899999999999
1952,901692,82,550.16
1953,901701,65,628.3
1954,901702,47,956.7299999999998
1955,901711,24,225.72
1956,901712,6,2029.64
1957,901721,34,862.3100000000001
1958,901722,52,405.86
1959,901731,14,303.62
1960,901741,38,507.44998999999996
1961,901742,34,182.40003000000002
1962,901761,39,2598.7100000000005
1963,901772,12,547.9000000000001
1964,901782,17,75.83
1965,901792,2,12.14
1966,901802,5,52.0
1967,901811,101,3583.75001
1968,901812,35,508.78999999999996
1969,901821,14,1799.0600000000004
1970,901822,20,103.67999999999999
1971,901831,25,157.76999999999998
1972,901832,36,266.63
1973,901841,56,2315.96
1974,901861,55,446.25999999999993
1975,901862,67,379.46000000000004
1976,901871,45,1188.52
1977,901872,47,235.51
1978,901881,33,287.15000000000003
1979,901882,45,1806.9399999999998
1980,901891,15,121.19
1981,901892,7,142.96
1982,901912,43,464.61000000000007
1983,901931,36,594.99999
1984,901932,34,662.0000499999999
1985,901941,42,1503.46
1986,901942,30,182.68
1987,901951,20,122.75001
1988,901952,20,127.75002
1989,901961,38,472.8
1990,901962,46,1410.4299999999998
1991,901971,49,948.9000000000001
1992,901972,83,4808.28
1993,901991,32,439.32
1994,901992,50,1089.95
1995,902011,8,185.17
1996,902012,16,128.03
1997,902031,108,1062.4399999999998
1998,902032,64,410.45
1999,902041,35,179.57
2000,902042,36,337.0
2001,902052,5,28.36
2002,902061,28,839.41
2003,902062,55,721.09001
2004,902071,77,457.14001999999994
2005,902072,46,1078.7900100000006
2006,902081,49,493.71999999999997
2007,902082,15,283.07
2008,902092,33,375.34000000000003
2009,902102,9,95.26
2010,902112,6,20.0
2011,902122,22,82.12999999999998
2012,902131,52,1146.5399900000002
2013,902132,69,1534.3
2014,902141,90,3038.75997
2015,902142,106,954.6799699999999
2016,902151,34,209.29000000000002
2017,902161,22,299.86999999999995
2018,902171,15,31.92
2019,902181,53,434.73001
2020,902191,39,714.5999999999999
2021,902192,30,321.22999999999996
2022,902201,20,82.89999999999999
2023,902202,10,66.50001
2024,902211,11,62.39
2025,902212,8,344.14
2026,902221,15,50.000009999999996
2027,902222,23,65.28001
2028,902231,26,717.1199999999999
2029,902232,11,1002.02
2030,902241,28,282.65000999999995
2031,902251,32,198.00000999999997
2032,902252,37,275.00002
2033,902261,59,592.0899999999999
2034,902262,98,1333.57
2035,902271,15,111.79001
2036,902272,14,86.70000000000002
2037,902281,4,10.52
2038,902292,10,111.33
2039,902301,23,3091.2380099999996
2040,902302,20,128.49000000000004
2041,902311,39,190.5
2042,902312,14,967.8100000000001
2043,902321,4,99.6
2044,902322,5,128.9
2045,902331,9,56.11
2046,902332,1,9.8
2047,902352,35,100.00001999999999
2048,902371,38,1154.95
2049,902372,25,1134.4999899999998
2050,902381,11,152.19
2051,902382,83,2148.50002
2052,902391,25,1343.95
2053,902392,36,219.6
2054,902401,60,339.71003999999994
2055,902402,15,274.44998999999996
2056,902411,80,450.61
2057,902412,53,462.37
2058,902421,15,37.410000000000004
2059,902422,14,59.77
2060,902431,42,1251.92
2061,902432,35,404.9800000000001
2062,902441,48,1502.08
2063,902442,86,2975.0800099999997
2064,902461,14,290.35
2065,902462,4,85.44000000000001
2066,902471,15,350.11
2067,902472,19,59.59001000000001
2068,902481,36,2078.15
2069,902482,30,1255.3700000000001
2070,902492,29,1969.58
2071,902501,36,357.64579
2072,902502,44,580.2799999999999
2073,902511,71,822.2
2074,902512,62,1025.65999
2075,902521,50,1484.7
2076,902522,8,44.9
2077,902531,30,371.13000000000005
2078,902541,38,1679.74
2079,902542,20,135.11
2080,902551,43,193.93
2081,902552,11,58.38
2082,902561,27,267.92
2083,902571,24,202.14000000000001
2084,902572,21,100.41
2085,902581,61,1614.4399899999996
2086,902582,1,32.0
2087,902591,71,1064.5
2088,902592,45,1107.48
2089,902601,48,558.1200000000001
2090,902602,39,3012.07
2091,902612,31,1496.3700000000001
2092,902621,89,947.53
2093,902622,32,182.59
2094,902631,24,706.45
2095,902632,14,178.80999
2096,902641,73,279.00002
2097,902642,21,2222.99
2098,902651,34,234.51999999999998
2099,902661,89,836.75
2100,902662,91,1292.26
2101,902672,41,232.11999999999998
2102,902681,23,160.89000000000001
2103,902691,38,183.20000000000002
2104,902702,45,940.7000000000002
2105,902711,63,2374.0800000000004
2106,902712,63,1986.92
2107,902721,59,591.56001
2108,902722,60,2049.4400100000003
2109,902731,39,265.74
2110,902732,39,200.26
2111,902741,6,50.0
2112,902742,6,50.0
2113,902751,60,639.66
2114,902752,54,537.3799999999999
2115,902771,7,115.0
2116,902772,6,75.0
2117,902781,2,74.33
2118,902791,34,446.31
2119,902792,16,162.81
2120,902801,30,144.98
2121,902802,38,371.07
2122,902811,43,1163.67
2123,902812,23,391.13
2124,902821,93,840.6700000000001
2125,902831,66,7543.46999
2126,902832,57,1788.58
2127,902841,14,443.70000000000005
2128,902842,23,1212.05
2129,902851,35,1362.8400100000001
2130,902852,32,331.99935999999997
2131,902861,10,1790.6499900000001
2132,902862,47,542.00999
2133,902871,41,396.9
2134,902872,10,2160.56
2135,902891,53,1302.81
2136,902892,113,1407.0899399999998
2137,902901,10,46.24
2138,902902,32,1607.0
2139,902911,39,355.50999
2140,902912,29,159.30343000000002
2141,902921,28,446.53000000000003
2142,902942,34,1115.3999999999999
2143,902951,25,167.69
2144,902952,5,503.74
2145,902961,47,432.42002
2146,902962,33,1054.66999
2147,902971,28,493.10999000000004
2148,902972,12,53.650000000000006
2149,902981,119,1031.8299700000002
2150,902982,50,636.4799899999999
2151,902991,24,1920.36
2152,902992,52,343.03512
2153,903002,32,270.27
2154,903011,1,5.82
2155,903012,3,18.880000000000003
2156,903021,71,535.35
2157,903022,84,2504.8599999999997
2158,903031,4,766.5
2159,903032,3,129.94
2160,903051,111,5078.900010000001
2161,903052,88,1375.7
2162,903061,58,88.31
2163,903062,23,42.55999999999999
2164,903071,44,375.29001
2165,903072,28,333.80998999999997
2166,903082,18,215.11
2167,903091,25,2150.09
2168,903092,27,370.33000000000004
2169,903101,40,1625.93
2170,903102,5,83.74999999999999
2171,903121,36,469.55
2172,903122,36,97.59
2173,903131,6,73.0
2174,903132,8,150.87
2175,903151,43,168.53001
2176,903152,42,167.19999
2177,903161,6,20.12
2178,903162,25,246.58
2179,903171,23,39.209999999999994
2180,903172,24,617.75
2181,903182,50,863.5500000000001
2182,903191,12,118.49000000000001
2183,903192,7,28.9
2184,903202,42,540.15212
2185,903211,35,721.75
2186,903221,59,681.1
2187,903222,46,467.15000000000003
2188,903231,91,538.2500000000001
2189,903232,70,182.98999999999998
2190,903241,39,2214.49002
2191,903242,22,1228.6399999999999
2192,903251,46,755.2899999999997
2193,903252,24,244.52999999999997
2194,903261,29,2787.82
2195,903262,32,923.76
2196,903272,22,293.02
2197,903282,13,54.23999999999999
2198,903291,29,119.00001
2199,903292,19,150.34001
2200,903301,9,108.66999999999999
2201,903302,19,96.38
2202,903311,25,414.9
2203,903312,36,900.08999
2204,903321,2,4.5600000000000005
2205,903322,36,66.08
2206,903341,19,110.13
2207,903351,1,28.0
2208,903352,50,179.99998
2209,903361,32,870.4200000000001
2210,903362,53,268.14000000000004
2211,903372,31,475.48
2212,903381,12,1329.02
2213,903382,16,552.8600100000001
2214,903391,43,1453.2500000000002
2215,903392,23,1248.82
2216,903401,15,68.64
2217,903411,26,794.72
2218,903412,23,1182.01
2219,903421,11,209.17
2220,903422,24,223.16999999999996
2221,903431,52,134.85000000000002
2222,903432,5,338.97999999999996
2223,903441,13,53.669999999999995
2224,903442,25,80.46
2225,903451,25,320.56
2226,903452,34,526.0
2227,903461,135,3361.3099899999997
2228,903462,20,1454.30307
2229,903471,20,98.91
2230,903472,18,96.4
2231,903481,9,1100.33
2232,903482,20,53.240000000000016
2233,903491,55,386.0910399999999
2234,903492,43,1945.8899999999996
2235,903501,30,128.8
2236,903502,13,55.559999999999995
2237,903511,18,134.01
2238,903512,6,227.9
2239,903521,35,686.71
2240,903522,5,34.16
2241,903531,47,251.13001
2242,903532,66,410.33999000000006
2243,903541,23,76.17
2244,903542,18,51.78
2245,903551,55,366.26999
2246,903552,51,428.07
2247,903561,22,87.39999
2248,903562,17,71.8
2249,903571,57,1379.24001
2250,903572,55,451.25001
2251,903581,29,220.14000000000001
2252,903582,20,202.08
2253,903591,67,1376.2700000000002
2254,903592,58,2527.12
2255,903601,34,842.07
2256,903602,46,1155.2799999999997
2257,903611,38,2367.6899999999996
2258,903621,31,133.81999999999996
2259,903622,24,179.51999999999998
2260,903631,7,33.489999999999995
2261,903632,13,39.370000000000005
2262,903652,64,1025.53
2263,903661,75,1339.6199999999997
2264,903662,4,53.75
2265,903682,46,263.24
2266,903691,3,41.77
2267,903692,11,24.869999999999997
2268,903701,37,1268.04
2269,903702,47,3495.7899999999995
2270,903711,3,1139.48
2271,903712,27,113.60998
2272,903721,80,2737.0613299999995
2273,903722,35,192.32000000000002
2274,903732,21,121.97
2275,903741,29,379.99999
2276,903742,38,497.93001000000004
2277,903751,40,1504.91
2278,903752,14,930.6199999999999
2279,903761,53,231.99996
2280,903762,3,74.28
2281,903801,27,769.26
2282,903802,6,48.8
2283,903821,45,1058.65
2284,903822,14,486.1600000000001
2285,903831,22,1293.13491
2286,903832,39,990.6699999999998
2287,903841,36,361.0
2288,903842,49,2395.5800000000004
2289,903851,35,672.2299999999999
2290,903852,28,376.00999999999993
2291,903861,53,299.81998
2292,903862,57,325.37998
2293,903871,27,389.38
2294,903872,59,429.38998
2295,903882,35,2577.79999
2296,903892,18,234.96999999999997
2297,903901,13,163.15
2298,903902,3,60.0
2299,903911,40,228.76
2300,903912,18,417.15
2301,903921,12,233.98999999999998
2302,903922,11,101.13
2303,903932,79,2268.7999999999993
2304,903941,53,299.99999
2305,903951,40,2058.4
2306,903952,71,1169.7
2307,903961,125,3737.4799899999994
2308,903962,15,55.86
2309,903971,18,886.9509899999999
2310,903972,14,120.47
2311,903981,35,288.77748
2312,903982,37,2226.1500000000005
2313,903991,23,575.5999999999999
2314,903992,40,221.26
2315,904002,13,75.67
2316,904011,6,31.17
2317,904012,6,30.65
2318,904021,25,1193.0
2319,904022,49,261.12
2320,904031,81,1564.35
2321,904032,34,1169.53001
2322,904041,42,795.9599999999999
2323,904042,13,52.4
2324,904051,31,919.96
2325,904052,51,641.86999
2326,904062,35,2600.27
2327,904071,3,65.58
2328,904081,32,453.9
2329,904082,27,879.3399999999999
2330,904102,40,535.3600100000001
2331,904111,37,174.48
2332,904112,19,97.16999999999999
2333,904131,36,1222.84
2334,904132,9,116.83
2335,904141,42,3959.29
2336,904142,43,13809.970000000003
2337,904151,50,530.25
2338,904152,35,135.01
2339,904161,65,965.6600000000001
2340,904162,32,241.29999999999998
2341,904171,53,2363.57001
2342,904172,43,1337.45
2343,904181,29,223.85999999999999
2344,904182,17,282.47999999999996
2345,904191,74,959.2399999999999
2346,904192,51,222.14
2347,904201,42,740.68002
2348,904202,26,139.63
2349,904221,61,746.38
2350,904232,11,41.849999999999994
2351,904241,47,467.74
2352,904242,13,247.72
2353,904251,23,256.28000000000003
2354,904252,13,418.71
2355,904261,37,384.43000000000006
2356,904262,39,185.97001
2357,904271,51,1721.52
2358,904281,1,3.88
2359,904282,9,22.119999999999997
2360,904291,62,535.91998
2361,904292,32,357.17
2362,904301,53,3104.7299999999996
2363,904302,33,2403.56
2364,904321,39,479.87000000000006
2365,904322,35,1671.41
2366,904331,74,738.22
2367,904341,14,105.56
2368,904342,41,167.49999
2369,904351,22,165.99
2370,904352,13,111.80000000000001
2371,904361,34,960.1899999999999
2372,904371,114,1072.08
2373,904372,123,5166.380000000001
2374,904382,92,3405.94
2375,904392,20,97.84
2376,904401,12,736.96
2377,904402,4,42.980000000000004
2378,904411,18,978.48
2379,904412,20,188.92999999999998
2380,904421,25,752.93
2381,904422,24,953.90998
2382,904431,17,276.83000000000004
2383,904432,12,221.86
2384,904442,59,526.94998
2385,904451,53,898.3200000000002
2386,904462,42,499.4831300000001
2387,904471,11,62.04999
2388,904472,10,121.14000999999999
2389,904481,43,137.75
2390,904482,57,597.02
2391,904491,24,157.13001
2392,904492,8,75.94
2393,904522,5,17.0
2394,904531,14,44.36
2395,904532,4,25.610000000000003
2396,904551,73,316.03998
2397,904552,44,1169.5000000000005
2398,904562,45,2741.7800100000004
2399,904572,32,441.98
2400,904581,14,180.13
2401,904582,12,117.48
2402,904591,22,945.56
2403,904592,31,139.34999999999997
2404,904611,92,2956.7499899999993
2405,904621,29,6681.411000000001
2406,904622,29,444.97
2407,904631,32,1148.8300000000002
2408,904641,49,435.39998999999995
2409,904642,72,681.67
2410,904651,19,998.7599999999999
2411,904652,15,69.71000000000001
2412,904662,39,343.65999999999997
2413,904672,25,378.42999999999995
2414,904692,40,237.43
2415,904702,4,94.02000000000001
2416,904711,30,540.57
2417,904721,54,584.22
2418,904722,38,294.49000000000007
2419,904731,37,796.8800200000001
2420,904732,37,946.75001
2421,904741,32,1021.22
2422,904742,13,63.46999999999999
2423,904751,90,3592.48999
2424,904752,50,394.86999999999995
2425,904761,49,2303.29
2426,904762,92,1672.1699899999996
2427,904771,54,467.38
2428,904772,71,404.9
2429,904782,68,1738.4700000000005
2430,904791,86,1401.47999
2431,904792,37,399.18999999999994
2432,904801,6,31.27
2433,904802,8,226.28000000000003
2434,904811,51,1133.4099999999999
2435,904812,49,1921.01
2436,904821,14,108.41
2437,904822,11,105.53999999999999
2438,904832,87,2354.16001
2439,904842,31,700.25
2440,904851,6,312.38
2441,904852,36,436.16999
2442,904861,41,602.5100000000001
2443,904862,12,564.01
2444,904871,33,638.2800000000001
2445,904872,50,536.82
2446,904881,68,1208.6936500000002
2447,904882,56,2000.39
2448,904891,3,62.5
2449,904901,79,546.42
2450,904911,105,637.83001
2451,904912,37,1052.3500099999999
2452,904921,24,172.00002
2453,904922,29,938.8699900000001
2454,904941,52,551.13
2455,904942,33,415.48
2456,904951,56,2381.99
2457,904961,17,249.66000000000003
2458,904962,141,2152.41005
2459,904971,10,2136.857
2460,904972,7,90.53999999999999
2461,904981,25,134.31
2462,904982,40,973.0300000000001
2463,904991,21,85.05001000000001
2464,904992,4,29.800000000000004
2465,905001,37,484.8899999999999
2466,905002,39,558.9199999999998
2467,905012,23,609.8000000000001
2468,905022,5,211.14000000000001
2469,905031,32,232.20999999999998
2470,905032,12,189.05999999999997
2471,905041,78,4322.88999
2472,905042,37,353.68
2473,905051,40,3599.4700000000003
2474,905061,68,911.87
2475,905071,17,161.95000000000002
2476,905072,12,28.89
2477,905081,27,158.88
2478,905082,28,558.1
2479,905092,36,562.0000000000001
2480,905101,83,1412.21
2481,905111,40,439.31997
2482,905112,71,1305.7999999999997
2483,905122,27,303.76
2484,905131,54,825.4500000000002
2485,905132,25,955.7500000000001
2486,905151,24,697.18
2487,905152,31,480.92
2488,905161,51,1706.75999
2489,905162,96,7491.201009999998
2490,905171,46,377.40001
2491,905181,22,177.03000000000003
2492,905182,23,250.02999999999997
2493,905191,11,70.59
2494,905192,10,53.36
2495,905201,5,428.21000000000004
2496,905202,2,813.21
2497,905211,3,98.06
2498,905221,37,501.07
2499,905222,36,870.39
2500,905231,33,254.65
2501,905241,5,149.88
2502,905242,37,396.35997999999995
2503,905251,20,405.39
2504,905252,19,668.4499999999999
2505,905261,32,555.42492
2506,905272,23,73.67
2507,905281,87,1174.2399999999998
2508,905282,46,565.38
2509,905291,22,103.15
2510,905292,22,66.98
2511,905301,28,209.13
2512,905302,7,70.08
2513,905311,35,253.19001
2514,905312,60,1063.0299599999998
2515,905322,14,1389.5300000000002
2516,905331,38,315.26000000000005
2517,905332,52,999.9800199999999
2518,905341,44,226.5
2519,905342,42,211.50001
2520,905351,10,76.25999999999999
2521,905361,5,521.88
2522,905362,7,637.5500099999999
2523,905371,20,166.61000000000004
2524,905372,64,1023.3600100000001
2525,905381,19,123.41000000000001
2526,905382,24,66.31
2527,905391,20,846.3699999999999
2528,905392,25,150.0
2529,905401,60,601.83
2530,905402,52,464.05999999999995
2531,905421,47,169.08
2532,905431,102,4349.2500199999995
2533,905432,61,1443.3199799999998
2534,905451,24,75.13
2535,905452,50,1259.02
2536,905461,4,60.66
2537,905462,8,22.57
2538,905471,29,294.23
2539,905472,23,135.48000000000002
2540,905481,39,541.12
2541,905482,5,63.55
2542,905491,56,1589.9999599999999
2543,905492,56,1084.99999
2544,905501,27,566.58003
2545,905502,6,124.66
2546,905511,43,183.97
2547,905521,18,88.61999999999999
2548,905522,10,56.290000000000006
2549,905531,61,383.36
2550,905532,73,548.0
2551,905541,6,775.6099999999999
2552,905542,18,99.0
2553,905551,37,344.03
2554,905561,19,25.410000000000004
2555,905571,45,451.21
2556,905572,79,380.85001000000005
2557,905581,13,171.79999999999998
2558,905591,14,276.34
2559,905601,14,155.45
2560,905602,15,281.65000000000003
2561,905621,26,72.34
2562,905622,34,553.68
2563,905631,19,54.11
2564,905632,16,44.059999999999995
2565,905641,49,713.42
2566,905651,18,75.0
2567,905652,26,74.99999
2568,905661,74,657.33998
2569,905662,126,1758.7999999999997
2570,905681,6,112.71000000000001
2571,905682,11,109.69999999999999
2572,905692,25,105.71
2573,905702,47,227.94
2574,905712,22,336.23999999999995
2575,905721,31,589.72
2576,905722,18,174.82999999999998
2577,905731,24,397.1700000000001
2578,905732,64,1099.41
2579,905741,1,10.0
2580,905742,23,298.25
2581,905751,51,150.00002999999998
2582,905752,49,150.00002
2583,905761,5,118.80999999999999
2584,905762,13,66.09
2585,905771,7,105.0
2586,905772,17,383.25001000000003
2587,905791,35,340.29000999999994
2588,905792,53,285.34999999999997
2589,905801,8,48.190000000000005
2590,905802,44,205.71998000000002
2591,905811,67,6062.120000000001
2592,905812,34,702.81
2593,905822,4,348.12
2594,905831,53,1931.6900099999998
2595,905832,28,280.95
2596,905841,23,3427.27
2597,905842,24,555.52
2598,905851,36,1374.25
2599,905852,36,1488.7200000000003
2600,905861,24,927.6400000000001
2601,905862,10,89.87
2602,905871,21,541.81
2603,905872,70,493.85999999999996
2604,905881,54,185.95001000000005
2605,905891,39,523.96
2606,905892,25,181.95
2607,905902,51,391.92
2608,905921,28,204.87000000000003
2609,905922,56,233.84000000000003
2610,905932,30,390.03999999999996
2611,905941,70,896.76
2612,905942,40,3253.04
2613,905951,4,1120.26
2614,905952,5,3168.986
2615,905962,39,380.11
2616,905971,64,463.46
2617,905972,35,1049.9099999999999
2618,905991,33,99.62
2619,905992,20,52.18
2620,906001,27,334.3
2621,906002,53,217.05999000000003
2622,906011,37,341.46001
2623,906012,63,3452.59999
2624,906021,35,554.61001
2625,906022,11,220.32
2626,906031,40,2433.15
2627,906032,44,467.78000000000003
2628,906041,77,2316.8499999999995
2629,906042,43,269.57
2630,906051,62,373.78
2631,906052,78,756.73
2632,906071,28,582.27819
2633,906072,15,263.99999999999994
2634,906081,53,1535.7600000000002
2635,906082,64,694.74
2636,906091,14,428.69
2637,906101,56,1565.8
2638,906102,80,1979.4
2639,906112,26,107.74000000000001
2640,906131,37,184.85999999999999
2641,906132,55,321.25
2642,906151,41,699.87
2643,906152,38,1503.7299999999998
2644,906171,25,1826.29
2645,906172,59,886.94
2646,906181,7,67.82
2647,906182,21,120.7
2648,906191,19,167.5
2649,906192,40,278.33000000000004
2650,906201,3,83.81
2651,906202,4,98.08
2652,906211,31,239.85
2653,906212,9,148.86
2654,906221,6,82.44000000000001
2655,906222,12,134.43
2656,906231,26,223.42000000000002
2657,906241,24,252.93
2658,906251,44,235.98000000000002
2659,906252,25,181.17999
2660,906261,27,190.56000000000003
2661,906262,21,47.18
2662,906291,19,275.68
2663,906292,52,1288.39
2664,906301,119,3958.8399999999997
2665,906302,108,2333.3
2666,906311,41,382.00003000000004
2667,906312,40,382.0
2668,906321,9,771.71
2669,906322,3,93.0
2670,906331,27,774.35
2671,906332,60,2415.1099999999997
2672,906341,63,1060.0900300000003
2673,906342,8,53.42001
2674,906351,57,497.72002
2675,906352,95,886.32999
2676,906361,31,366.41
2677,906362,57,4787.87
2678,906371,70,760.0000000000001
2679,906372,51,426.24999999999994
2680,906381,15,134.07
2681,906382,58,492.46999999999997
2682,906391,11,201.18
2683,906392,4,428.64000000000004
2684,906401,10,215.29999999999998
2685,906402,3,513.6
2686,906411,48,488.31
2687,906412,36,640.0400000000001
2688,906431,9,1696.1999999999998
2689,906451,15,116.73000000000002
2690,906452,8,47.84
2691,906461,16,205.39000000000001
2692,906462,20,156.46999999999997
2693,906481,111,4992.15097
2694,906482,5,88.42
2695,906491,13,273.73
2696,906492,15,604.4599999999999
2697,906501,15,90.17
2698,906502,18,65.49000000000001
2699,906511,52,198.99999999999997
2700,906512,52,199.00002
2701,906521,109,2790.6099999999997
2702,906522,62,1590.27
2703,906531,25,914.17
2704,906532,73,6351.08
2705,906542,78,1315.43999
2706,906551,85,2770.1400000000003
2707,906562,45,1206.4199999999998
2708,906571,23,1445.96
2709,906572,9,41.47
2710,906592,27,368.16999999999996
2711,906602,40,3117.2300000000005
2712,906611,15,1745.2500000000002
2713,906621,105,8277.920989999999
2714,906622,108,969.50001
2715,906631,133,2146.29001
2716,906632,51,917.5800100000001
2717,906641,71,1270.55
2718,906642,64,1940.89001
2719,906671,22,251.92999999999998
2720,906672,19,120.23001
2721,906681,73,2412.66
2722,906682,63,559.56
2723,906691,30,186.54000000000002
2724,906692,54,1371.9799999999998
2725,906701,59,2220.48
2726,906702,86,982.0099999999999
2727,906722,19,296.82
2728,906732,35,302.73999999999995
2729,906741,23,284.53
2730,906742,21,545.68
2731,906751,41,2243.95
2732,906752,24,301.87
2733,906761,68,3963.35001
2734,906762,58,842.9700099999999
2735,906771,61,2040.9499799999999
2736,906772,44,1341.4099999999999
2737,906781,49,1067.35
2738,906782,82,999.2600100000001
2739,906792,24,192.94
2740,906801,20,92.42
2741,906802,23,104.82999999999998
2742,906811,49,462.77
2743,906812,30,325.90999999999997
2744,906821,56,282.04003
2745,906822,6,1175.32
2746,906832,30,609.14164
2747,906851,37,797.6899999999999
2748,906852,2,93.5
2749,906861,86,1298.0099999999998
2750,906862,65,1469.9899999999998
2751,906871,97,1023.7300000000001
2752,906872,16,560.77
2753,906881,80,1696.8300400000003
2754,906882,80,981.1299900000001
2755,906891,22,1319.2900000000002
2756,906892,21,108.00999999999999
2757,906902,13,35.62000000000002
2758,906911,50,746.17
2759,906912,25,480.53
2760,906921,57,625.03998
2761,906922,14,210.76
2762,906931,60,676.38
2763,906932,55,845.62
2764,906941,34,252.17999999999998
2765,906942,33,272.30000000000007
2766,906962,2,274.40000000000003
2767,906971,63,1513.25
2768,906972,35,431.50999
2769,906982,2,11.98
2770,906991,73,1404.50001
2771,906992,59,1036.4799799999998
2772,907001,13,66.58
2773,907002,10,52.52
2774,907011,98,959.50999
2775,907012,37,2493.69
2776,907031,31,935.46
2777,907032,22,938.8600000000001
2778,907041,9,46.99
2779,907042,15,12.34
2780,907051,15,562.35
2781,907052,21,179.77999999999992
2782,907062,60,861.2500000000001
2783,907071,22,1119.0700000000002
2784,907072,35,1077.4099899999999
2785,907081,11,48.54
2786,907082,30,301.83000000000004
2787,907091,79,2646.8799900000004
2788,907092,43,576.01
2789,907101,73,839.9599999999999
2790,907112,31,657.46
2791,907121,40,6110.59
2792,907122,82,1900.00001
2793,907131,41,535.6999999999999
2794,907132,17,35.66
2795,907141,34,930.84
2796,907142,69,1742.1599999999999
2797,907151,40,283.74999
2798,907152,40,283.74997
2799,907161,24,118.66
2800,907162,34,98.01
2801,907172,54,2342.9400000000005
2802,907181,112,674.61
2803,907191,50,450.19000000000005
2804,907192,80,302.3
2805,907201,55,502.95002999999997
2806,907202,100,1574.26003
2807,907211,20,73.13
2808,907212,24,363.71000000000004
2809,907221,21,464.0199999999999
2810,907222,44,799.40999
2811,907232,10,31.44
2812,907241,45,4041.2899999999995
2813,907242,46,894.8
2814,907251,71,693.4499999999999
2815,907252,67,10678.820000000002
2816,907261,24,146.85
2817,907271,72,1471.17001
2818,907281,5,11.31
2819,907311,33,452.15
2820,907312,28,445.44
2821,907321,17,58.08999
2822,907322,20,355.2
2823,907332,42,247.26
2824,907341,17,1373.3799999999999
2825,907342,14,40.38000000000001
2826,907351,6,98.67
2827,907352,26,190.54999999999998
2828,907361,53,2066.5400000000004
2829,907362,42,268.88
2830,907372,10,27.549999999999997
2831,907381,15,164.89999999999998
2832,907382,17,278.49
2833,907391,47,366.86999
2834,907392,35,419.33999
2835,907401,16,168.58001
2836,907402,37,309.91
2837,907411,62,1102.4900099999998
2838,907412,76,6420.4800000000005
2839,907421,86,3066.6400299999996
2840,907422,90,1188.63999
2841,907431,146,1831.1200000000001
2842,907432,100,476.42
2843,907441,32,576.86
2844,907442,46,942.73
2845,907452,27,2968.278
2846,907461,21,102.92999999999999
2847,907462,16,60.07
2848,907471,7,223.95
2849,907472,6,131.99
2850,907481,14,66.5
2851,907482,40,143.40001
2852,907491,31,101.84
2853,907492,16,112.4
2854,907501,58,937.37998
2855,907502,54,1879.40003
2856,907511,16,76.94
2857,907512,12,69.82000000000001
2858,907522,94,2044.59
2859,907531,11,139.06
2860,907532,15,169.43
2861,907541,35,2587.9700000000003
2862,907542,41,250.53
2863,907551,4,101.5
2864,907552,24,461.53999999999996
2865,907561,39,2179.37
2866,907562,53,366.55
2867,907571,15,470.6
2868,907581,273,5447.189990000001
2869,907582,235,3566.9300000000003
2870,907591,101,1361.89
2871,907611,15,116.26
2872,907612,12,63.37
2873,907621,51,595.05001
2874,907622,46,1169.69998
2875,907631,3,25.78
2876,907632,32,134.66
2877,907641,59,581.87001
2878,907642,2,59.92
2879,907651,47,1653.75
2880,907652,25,698.67
2881,907681,71,370.90000000000003
2882,907682,94,708.8092499999999
2883,907691,94,4448.93
2884,907701,49,740.5400000000001
2885,907702,39,2946.379999999999
2886,907711,67,1052.9799999999998
2887,907712,24,1255.55999
